usuário;texto;sentimento
Ciro RP;RT @Ciro1966RP: @Cardinot dia 13 e um dia normal, superstição pior do que aumentos-e violência sem controle todo dia tem pior. Até o gato t?;inseguro
Alexandre Polese;#DineiNoHojeEmDia Em meio aquela gritaria toda do #MARCOSHARTER sobre vc, pensou em dar uma voadora nele? Ou violência se vence com BJ.;neutro
Anallu Gabrielle;RT @Fmutiroes: Se você fez parte dos 47,98 que lutou por um reallity melhor, sem violência, machismo e desrespeito às mulheres, dê rt! #AFa?;neutro
milena;@CactusDoGeorg cenas de violência pesada ou pessoas mortas com os órgãos expostos essas coisas;inseguro
Graciellerosasantos;@fanystferreira @preppybitchxx @APMinerato Também acho ela achar isso normal ainda mais no mundo de hoje onde está? https://t.co/xP12g8jMHm;neutro
Gracieusa Brito;"RT @mmalualves: @folha Professores e alunos fizeram um abaixo assinado 
ao descobrirem que ele é a favor da violência,tortura 
e contra os?";inseguro
genevieve vavance;nossa fiz rapel ontem né tava sem camisa hoje vi no espelho meu corpo tudo marcado parece aqueles casal do tumblr q transa com mt violência;neutro
Aline Balduino;Minha mãe ta muito preocupada com esses lance de violência que tem acontecido com os LGBT aqui em Chape.;inseguro
Juliana;Acho muito tosco a gente sentar num auditório pra discutir problemas da pobreza, racismo, violência... Sem abrir espaço pra quem sofre +;neutro
Pandolfo;@Palmeirenses_ Achei errado! Violência contra um homem servindo o cidadão jamais se justifica!!!!;inseguro
TIMOR AGORA;TIMOR AGORA: Violência género e grupos artes marciais são preoc... https://t.co/muE74GQf6p;neutro
MaríliaEspíritoSanto;"RT @luisnassif: Da violência incessante contra Lula e sua família, por Eduardo Ramos
https://t.co/ZpVU5wr2H1 https://t.co/h5VGx0exTK";inseguro
Marcelo Lisboa;RT @globoesportecom: Oito jogos, cinco derrotas: Grêmio despenca em pior início de segundo turno na Série A https://t.co/Cz5cALsB0H https:/?;neutro
Nightcall;Não tenho preconceito com Goianos que tem deficiência do gene para gostar de pequi e pamonha, até tenho amigos que são;neutro
Lu Vieira;Pq o preconceito está em desqualificar a pessoa pela deficiência dela, e isso não aconteceu.;neutro
Joelson Silva;O preconceito é a pior deficiência no ser humano. Vamos olhar este dia como um dia de reflexão e de conscientização. https://t.co/VNuXa1oPg1;neutro
Xô,Preconceito!;XÔ,PRECONCEITO!: Trazendo a visão para as pessoas com deficiência visual. https://t.co/q6EtKRrXpn;neutro
Armada;"RT @cellecrf_: Engraçado q qnd se fala preconceito, só falam de negros, gays, gordos e machismo; mas esquecem das pessoas com deficiência ??";neutro
Leandro Ramalho;RT @casadaptada: #Casadaptada: A SOLIDÃO DA PESSOA COM DEFICIÊNCIA https://t.co/x5RrHVCblL #bemestar #preconceito;neutro
Rodrigo Dorje Correa;Deficiência é o seu preconceito! As crianças deficientes não são estranhas. Tudo o que querem é apenas ser... https://t.co/qH5H7E8CYD;neutro
Vinicius Carpov;sem contar que eu sou uma pessoa com deficiência ou seja ó lá o preconceito haha;neutro
Sérgio sep;@DeleiSilva Até eu ficaria,com esse futebol ridículo do Palmeiras,o cuca tá mais perdido que cego em tiroteio.;neutro
Raul Pacheco;@notavel o time não sabe matar o jogo,teve chance de virar e não o fez,desde o início do ano venho falando isso,Dep de futebol cego!!!;neutro
Hallef o PoÉteiro;Que a vitória não nos deixem cego, pq o futebol do @Palmeiras  é medíocre, bola longa,correria e mtos erros de passe;neutro
Freitass;@Flamengo FORA BERRIO! VC É UM BODE CEGO Q Ñ SABE O Q É FUTEBOL!!;neutro
Caio Freitas;@matheusesouza @R0dolfoPSS @ghpeixoto @gustavonunesrio No futebol brasileiro essa discussão acaba ficando inútil pq? https://t.co/8euaEEmrNu;neutro
Walter Peres;@_soldadodabad @CBF_Futebol @Phil_Coutinho @DaniAlvesD2 @gabrieljesus33 @marquinhos_m5 @Casemiro @paulinhop8 Deus t? https://t.co/ZfjeAMOomj;neutro
Rodrigo;@erotesismo @wanmarcal @lbertozzi Lavagem de dinheiro é transformar dinheiro ilegal em legal, confere. existe lugar? https://t.co/TWysGrLs62;neutro
Felipe Carrara;@zeca1908 @CBF_Futebol Repara q o Valdívia, atrás do inútil, viu q foi gol e cego e mal intencionado não viu...;neutro
LCSS;@SporTV Tá fumando? É maluco? Cego? Ou o que? Vai comentar futebol de botão ou vídeo game que talvez entenda alguma coisa.;neutro
Bianca;Sdds do futebol bonito que até cego vê;neutro
Gustavo Quintanilha;@vieirazvinicius Futebol de cego? Kkkkkkkkkk;neutro
SOY DE GRÊMIO ???;Oremos pro @Gremio recuperar o futebol bonito que até cego vê e levantar a taça do TRI https://t.co/ovQwoEycBn;neutro
Alexandre Santos;@BrennoBeretta @CBF_Futebol O certo seria eles ficarem do lado oposto do bandeira, assim não teria o lado cego. Nes? https://t.co/uznuBZ7GNA;neutro
Jú Xavier;Nós vamos recuperar os jogadores lesionados e recuperar o futebol bonito que até cego vê. VAMO CARALHO ???;neutro
manu;eu só quero o futebol que até cego vê de volta;neutro
gatinho hatake;triste é a vida das mulheres q acreditam q algum homossexual se importa quando alguma mulher é vitima de estupro ou assédio;neutro
Ela TVM;@BBCNewsnight Não vou parar de denunciar, divulgar, discutir, qualquer agressão, assédio ou estupro contra a mulher famosa ou não!;neutro
Maria Victoria Alves;RT @UOLNoticias: Mulher de Weinstein anuncia divórcio após acusações de estupro e assédio https://t.co/fDJXdbgWQg;neutro
Dinha reporterpb;Mulher de produtor anuncia divórcio após acusações de estupro e assédio..... https://t.co/IAFBgkYavh;neutro
Louise Lipa;@gotbriel Pois é. O Jason fez uma piada com estupro e se desculpou. O Ben assédio sexualmente mais de 1 mulher.;neutro
Renato N de Oliveira;@Neydinhaaaa @JornalOGlobo Neydinha qual religião coloca a mulher inferior ao homem? Em relação a assédio, estupro? https://t.co/oPEzxslI6f;neutro
lixo;no momento procurando se o elijah wood nao tem nenhuma denuncia de assedio ou estupro pra nao perder a esperança;inseguro
nathOlia;esses batman tudo lixo pqp caralho christian bale foi acusado de agredir a propria mae e o ben affleck acusado de assédio;neutro
?;"Viola Davis sobre os casos de assédio de Harvey Heinstein:
?O predador quer o seu silêncio. Isso alimenta seu poder, seu direito e eles (+)";neutro
vivien chaos;RT @bbcbrasil: Cara Delevingne, Angeline Jolie... Conheça as atrizes que acusam Harvey Weinstein de assédio e até estupro https://t.co/1qoI?;neutro
b;RT @bbcbrasil: Jane Fonda confessa ter ouvido caso de assédio de Weinstein e não ter feito nada: 'Devia ter sido mais corajosa' https://t.c?;neutro
DIABO;"@SBTonline PREVARICAÇAO CONCUSSAO  CORRUPÇAO ATIVA/PASSIVA ESTUPRO ASSEDIO  AGRAVANTES ;PRATICADO POR AGENTES/INSTITUIÇAO PUBLICA SEM PROVAS";inseguro
EUCLIDES SANTANA;Como executivos norte-americanos boicotaram reportagem sobre assédio em Hollywood https://t.co/eztuBl6EhH;neutro
Sidney F Brandão;@UOL Em primeiro lugar nunca perdir ajuda ao tribunal militar SP pq o Sargento q denunciou assedio sofreu tentativa? https://t.co/4EWW31daYV;inseguro
Dalbem;"Dica pra mulher no calor é usar o penteado 'rabo de cavalo'.

Problema: assédio demasiado https://t.co/k2k0H6zaZ8";inseguro
debra;@mithrndir foi acusado de assédio https://t.co/ZR76lzkyOg;neutro
Estrelando;Blake Lively conta que sofreu assédio de um maquiador: https://t.co/y9XIf7WDlu https://t.co/JmYV8bcJmn;inseguro
gatinho hatake;hj em dia a esquerda acha q o msm pensamento deles é o msm da pessoa vitima de estupro e assedio sao muito doentes;inseguro
mariana;RT @pablovillaca: O contrato de Weinstein com sua empresa dizia que ele NÃO PODIA SER DEMITIDO POR ASSÉDIO SEXUAL CASO FIZESSE ACORDO COM A?;inseguro
sandy;todo mundo aqui cagando de medo do esporro e a gabriela curtindo os prints no insta CHEGA;neutro
larinha #santadose?;meu medo não é se apegar, meu medo é q as pessoas se apeguem em mim e eu não esteja sentido a msm coisa;neutro
-4/10;"RT @vitu_ff: É incrível como as pessoas vão pra igreja por medo da morte, e do ""inferno"" KKKKKK";neutro
Nadine Lilitz;RT @Jornalivre_BR: Artistas milionários que defendem o crime passam a usar cada vez mais carros blindados com? https://t.co/PvrGrRccyo http?;inseguro
BOICOTEM ESPNBRASIL;RT @meon01: @vemsocialismo @FussballSehr É verdade fio. Se sua mãe não tivesse medo de abortar não nasceria um merda como você. Abcs;neutro
A N A;RT @guilherming: Sócrates comprou 7000 livros escritos por si próprio e nós aqui cheios de medo de fazer auto-like na nossa própria foto.;neutro
JUST LIKE YOU;Hoje eh sexta feira 13 medo de ir na cozinha e encontrar o Simon na geladeira Deus me defenderay;neutro
Ana Carolina;Eu tenho medo do amanhã...;inseguro
Morgana Chaves;RT @Vi_Moroni: Sexta feira 13 e o único medo que eu tô tendo é que saia as notas de física no sistema;neutro
caçamba de lixo;@pollianasantoos @Cocadaquebrada @plmlrn @habaudson @LuizAbreu111 @bsm_bruna @ThiagoNovy @aninhalmc @mccoxta? https://t.co/nm3mvpQ10w;neutro
Wladimir Stern;@Ricamconsult @Ricamconsult  não é vergonha, na verdade é o medo da opinião pública, tem eleição em 2018.Estes senh? https://t.co/NagWPrr2ek;neutro
davii;"A nossa nova moda é ter tempo e não ter hora,
E aí que mora o medo, de o tarde demais,
Chegar muito cedo, tipo agora.";inseguro
d?y;RT @abmrqs: Nenhum homem nunca entenderá qual o medo de ser mulher;neutro
My;RT @bandnewsfmrio: Suspeito é baleado após assalto em loja de telefonia em Ipanema. O crime aconteceu na loja da Tim que fica na Rua Viscon?;inseguro
GP1;"Esse é um dos destinos de quem escolhe viver no submundo do crime. 
https://t.co/yLESzFNY07
#PortalGP1 #GP1 https://t.co/W1bCaKjGRA";inseguro
JC Gameplay;Gostei de um vídeo @YouTube https://t.co/SkMNZCP0GY SAN VIDA DO CRIME #03 ASSALTO AO MERCADINHO;neutro
Lucas Sandalhas;Gta V Vida do crime 52 planejando assalto com gringo looko: https://t.co/EY4XUbVQVg via @YouTube;inseguro
?REVOLUTION ?;"Crime organizado em permanente metástase ... 

Propina, assalto, lavagem, corrupção, tráfico, mortes ?? https://t.co/bzzB2b8CTm";inseguro
lavi stronda;toda madrugada eu cometo um crime,assalto a geladeira o nome;neutro
AGEX - ULBRA;"O crime aconteceu na tarde da última terça-feira, 10 de outubro, no Parque da Redenção, em Porto Alegre.

https://t.co/njzBtKrWZy";inseguro
Saulo Vieirá;@rogeriotomazjr @DeputadoFederal @dilmabr Quem sequestra é canalha? sim ou não. 09 set 69 não te diz nada...Assalto? https://t.co/VhaZeisLwL;neutro
Marcus Farinazo;RT @PorrAraujo_: teve um assalto no centro o cara cortou o pescoço da mina, e vcs ai achando que desarmamento acaba com crime;inseguro
Nivaldo Cordeiro;"Pasadena foi crime de lesa-pátria. Tãofu. Têm que responder pelo assalto.
https://t.co/Ec0H1cBNK0";neutro
Forninho;Adolescente que confessou morte de mãe e filhas sofre tentativa de homicídio dentro do Case em Novo Hamburgo https://t.co/7sQRHNy8Vv;inseguro
ReRo OSZO;@eduardoachutti @Wanessakarla_ @FlavioBolsonaro @jairbolsonaro esse discurso n condiz com a realidade, eu vim do in? https://t.co/21MRuSQxLE;neutro
Thiarles Yan;"A que ponto chega a demência humana?

-
Os pais de um bebê morto por inanição em Palhoça (SC) cometeram homicídio... https://t.co/3ZPDL11MYw";neutro
bbth cruz;"https://t.co/lzUIH2935z

Os pais de um bebê morto por inanição em Palhoça (SC) cometeram homicídio culposo, entendeu a Justiça.";neutro
Faby????????;Jesus amado. Morte. O histórico dele não é dos bom já fez de tudo pra acontecer um homicídio falta pouco.? https://t.co/uomHyTiY57;neutro
Luna?;@yurialvesy é um assassinato (tem vários tipos de homicídio) latrocínio é roubo seguido de morte, para com esse assunto;neutro
Mauricio;RT @msantoro1978: Bairros ricos de São Paulo têm taxa de homicídio semelhante à Suécia. Áreas pobres, pior que Congo ou Nigéria. https://t.?;inseguro
A ??;Não sou fã da morte, mas matar a saudade é meu melhor homicídio.;neutro
Bomaro Opressor??;Que a sociedade que não pune um homicídio qualificado com a pena de morte está tratando a vida da vítima como lixo.;inseguro
AnonymousBr4sil;Atenção! Fortes relatos! Notícia: casal que foi indiciado por tentativa de homicídio contra o próprio bebê ? por... https://t.co/1fNLcOxN8L;neutro
Jornal Agora - RS;A cidade do Rio Grande registrou mais um homicídio na madrugada dessa terça-feira (10), na rua cinco do bairro... https://t.co/SSIThHx4JC;inseguro
Distance Danny;@Carlosfladf @bilickiB @JornalOGlobo É claro. Mano que geração é essa q acha que tem o direito de se sentir segura?? https://t.co/J44Bh0JtFz;neutro
Tamara;"RT @gshirtstore: ? Faça seu pedido por DM ?
? Bandas, séries, artistas ?
? Compra segura com PAG Seguro ?? 
? Entrega para todo país ? http?";neutro
dessa;RT @itsxzcatsebeun: lindo de qualquer jeito, alguém segura esse menino deixa q eu seguro https://t.co/GR54EUEf6E;neutro
Bento Major;"RT @poncebby: 11/10/17 14:49:38: Thaiane Major: Eu te seguro
11/10/17 14:49:39: Thaiane Major: Vc me
Segura

Melhor base!!!! ?";neutro
Malagueta;"RT @gshirtstore: Camisetas indie, arctic monkeys - the nbhd - top - the 1975 
? Faça seu pedido por DM ?
? Compra segura com PAG Seguro ???";neutro
casemíope;to num nível tão crítico q a vela que me segura n é nem eu mais q seguro ela;neutro
futuro da favela;Queria mesmo era ter um porto seguro, falar tudo o que eu sinto e penso sem ninguém me criticando;neutro
lipeacioly;RT @zuada_vida: Pensando além do além, às vezes me encontro perdido nos pensamentos em que me sinto seguro ao me perder.;neutro
Matheus Borges ?;Só faço as coisas quando me sinto seguro, posso levar anos pra tomar uma atitude, mas só quando eu tiver 100% de certeza;neutro
yang;quem de nós dois vai dizer que é impossível o amor acontecer? e se eu disser que já não sinto nada? que a estrada sem você é mais seguro;neutro
isa;RT @raissinhaa26: Eu sinto tanta saudade de Porto Seguro que é inexplicável;neutro
Luis Ricardo;RT @ndaclstan: Quando fico abraçada com mainha eu sinto como se nada pudesse me atingir. O abraço dela é o lugar mais seguro do mundo.;neutro
R.J.J...;As vezes me sinto seguro. Mas quando atravesso a pista olho para os dois lados.;neutro
? ?;só me sinto a vontade em local tranquilo seguro com banheiro limpo papel macio folha dupla sem música alta e sem drogas ou seja minha casa;neutro
Lipe Salmac ?;@cicclops Que nervoso ? essas lojas de telefonia possuem algum seguro contra roubo ou algo do tipo? Imagino o prejuízo gente, sinto muito.;neutro
Guinh?;Larissa falando q quando eu durmo com ela eu me sinto seguro kkkkjkkjkkjkkkkkkkk tenho q rir msm .;neutro
Carlos Marcondes;@New_Delia @KARL_DAVID_2010 Um estado menor, focado na SSE, Saúde/Segurança/Educação, mais eficiente, maior control? https://t.co/JZJSth7KHO;neutro
Triunfo | Concebra;O tamanho do veículo indica responsabilidade! O condutor do veículo maior deve zelar pela segurança do menor.? https://t.co/6eDVgCVo2o;neutro
Danielle Mello;"tenho tanta sorte que o segurança em vez de me dar pulseira pra de ""menor"" me deu pra de ""maior"" tãoooo ta né tio KKKKKKKKK";neutro
Adão Galo;"""Menor escolaridade, maior a propensão a posições autoritárias; menor a faixa socioeconômica, maior o autoritarismo"" https://t.co/ITUZJcVjQj";neutro
Charlie D'Ornellas;@Konshal @mattrainhas @clhornstein @folha Estado menor, maior controle de tudo, consequentemente menos corrupção, m? https://t.co/av8vhT98t6;neutro
PAPO RETO !!!;Até quando vamos ver atrocidades é só vamos comentar, precisamos mudar tudo segurança ? políticos pra que um futuro seja melhor #SP1;inseguro
magazine luiza;@anairzm (...)  melhor serviço e as melhores transportadoras do Brasil para entregar seus produtos em segurança! :);neutro
Lucas Zanella [No2x];@luizrmgarcia @empiricus quebrar a segurança de algumas carteiras? Isso nunca aconteceu, informe-se melhor.;neutro
Olney Abdão;@milenanunes_17 ahh imagino msm uai, se eles ficassem la pra ajudar na segurança era melhor, alem deles ficarem atr? https://t.co/qmhaIEb6A5;neutro
Leonardo Becker;@GauchaZH Pelo que parece não existe nada melhor pra se preocupar já que a segurança, educação e saúde nunca estiveram melhores!!!;inseguro
leondenis;@ptbrasil Promessas, promessas, promessas... por que não tornaram o Brasil um país melhor nos quase 14 anos que fic? https://t.co/6YUIkhrF9q;neutro
Fabiane Teixeira;RT @caaaaaahh: @fabiteixeiraa acho q com agencia dá uma segurança melhor. uma menina ta fazendo intercambio na australia e foi com a egali?;neutro
jose carlos carvalho;RT @PrPastorroberto: Viver com Deus nos dá segurança,nos traz paz e serenidade.Nos da a certeza de um hoje abençoado e um amanhã melhor Pen?;seguro
Débora Dias;Margot é tão melhor lugar que na hora de ir embora ganhei uma ceva fechada do segurança da porta ???;neutro
Elaine Sluce;Hospede seu cachorro comigo quando for viajar e ganhe R$30.00 de desconto! Use o cupom 9703 https://t.co/vbA4YzCirP;neutro
Laurinha;"@prdsdr MELHOR CHAMAR O SEGURANÇA AAAAAA
eu to berrossss com vc";neutro
"Kimmy; HappyJiminDay";@SraKim_Jun Meu anjo, acho melhor você ficar só como telespectador, ok? Nada pessoal, questão de segurança mesmo;neutro
Ricardo Prado;Moro dá prazo de 48 horas para defesa de Lula entregar recibos originais https://t.co/mGJxSMVAMo;neutro
Dalete Bonini Fagund;RT @implicante_org: Em 1988, Lula defendia prisão para parlamentares que teriam recebido dinheiro de empresas privadas na campanha https://?;neutro
AXlrnr;RT @mivagodet: Por que Moro não quer um perito para validar os recibos de Lula? https://t.co/YjjXZ7CbmC via @ConversaAfiada;neutro
Marcelo Nunes;RT @_MarySouza15: @exercitooficial Atenção Brasil: Vejam a cara do baba ovo de Lula que ameaça matar Sérgio Moro. Divulguem o máximo. #Lula?;neutro
carlos felipe frank;RT @eduguim: ÚLTIMAS NOTÍCIAS - BLOG DA CIDADANIA | Estranho: Moro recusa a Lula audiência para recebimento de recibos https://t.co/0wRlyuM?;neutro
Wlad!;"RT @ricardope: A Lava-Jato ajudou Temer a tomar o Planalto.

Lula retirou 36 milhões de brasileiros da miséria. 

Fácil saber quem presta e?";neutro
LulaEuConfio;"RT @enfanaleao: Retweeted Vilarino (@PTdaAlemanha):

Espetacular o programa do PT agora na TV mostrando toda perseguição contra Lula!";neutro
Ailton;RT @HumbertoReisJr: ?Jornal italiano comemora extradição de Cesare Battisti : ?Um terrorista que foi protegido por Lula? https://t.co/A7UHX?;neutro
Canhoteiro;RT @Lucy_rebolativa: @stanleyburburin O juiz NEGOU a solicitação da defesa de Lula de ter um perito presente no momento da entrega. Um peri?;neutro
lucio  airton dahlke;senhpores do erxeciro que vergonha recebendo orde de um ladrao quem diria a decadencia das força armada virando capacho de ladoes;inseguro
Bruttus Nefastus;@joseluisfreita2 Pelo que a imprensa divulgou a Força Armada era uma massagista , até hoje não entendi o que ele fazendo naquele avião.;neutro
Nega ??;A tua adoração é mais forte que qualquer força armada, que qualquer tropa de choque. Então deixe a tua adoração guerrear as tuas guerras.;neutro
dNgCS;"@kNsfps conseguiu guardar uma m4a4 porem a @2KillGaming não força o round.
@INTZeSports totalmente armada.
@2KillGaming 5 x 4 @INTZeSports";neutro
olinda de azevedo ma;Comandantes Sob Pressão: Trump fala com Alto Comando da Força Armada https://t.co/RM3KnHlMmx via @YouTube;neutro
CALDANI;RT @picape2017: AÍ, NÃO TEM CAPITAL, FORÇA ARMADA, NEM MÍDIA! https://t.co/xJXfHFw78M;neutro
Nath Nascimento;@folha Deve ser mto bom ter um força armada que age de forma correta contra uma ameaça real;neutro
Bruninha;RT @nayraaab_: nossa, como a força armada é ruim né? deixou eles sem aula por proteção, como são ruins https://t.co/jzZpM9MMqP;neutro
Marcus;@LeoJaime @zehdeabreu Que loco véi sujeito intervenção do exército quer dizer de força armada e depois acha que pod? https://t.co/P0m7OvMNhj;neutro
radicalice;"Toda forma de conduta se transforma numa luta armada
A história se repete
Mas a força deixa a história mal contada";neutro
Paulo Mongas;@_soraya_ramos_ @justdu @stanleyburburin @folha_poder Não é o INSS, o INSS paga os civis, os militares e pensionist? https://t.co/DPfxY5JSu4;neutro
Renato Junior;@Estadao @EstadaoPolitica Congresso nacional é uma lata de lixo. Cadê as forças armadas pra fazer uma limpeza e tir? https://t.co/YtckJuSLC8;neutro
Gia Ross;RT @Miriammoraes200: Gleisi discursa no Senado falando sobre soberania nacional e Forças Armadas e em menos de 24 horas o TCU ataca... http?;neutro
Laurinha;RT @PTnoSenado: ?Falar em soberania nacional passa,necessariamente,pelo debate em torno da defesa do País,das nossas Forças Armadas? https:?;neutro
Ronaldo Matias;Que as Forças Armadas não admitam mais isso! Questão de Soberania Nacional. E não admitam presença de tropas americ? https://t.co/TI15UQffdV;neutro
Paulo Teixeira;Todos que lutem pela nossa soberania, pela democracia e os direitos da população encontrarão respaldo petista. https://t.co/rsBJezl2NX;neutro
O Estado ONLINE;Forças Armadas voltam à Rocinha no segundo dia de operações https://t.co/v56b8W7NhE;seguro
e-GLOBAL;Ministro da Defesa Nacional de #Angola promete eliminar práticas que ?manchem o bom nome? das #ForçasArmadas - https://t.co/3aPSbJJ0Me;neutro
Carmilla Van Helsing;@portalfab @fumaca_ja Tocar o Hino Nacional com essas imagens, faz a galera que não gosta das Forças Armadas piraram. E se eu gostei? Amei.;neutro
MassapeCeara.com;Ladrão leva 9 metros quadrados do gramado da Praça em Quixadá, no Ceará https://t.co/e06L2LFtoP https://t.co/g2ySAPDbUR;inseguro
Fernando Santos;RT @MCLan_: Passinho do ladrão ? https://t.co/MTvqRn77jF;neutro
SergioBrunoTrivelato;"Marca outro, LADRAO
Manda voltar!!!!";inseguro
Lucão;Vou buscar um boné da Cyclone e o resto é buraco ladrao;neutro
Ramon Antunes;"Lula ladrão!!!
Vc roubou meu ??. ? se sentindo amado";neutro
Sal Grosso Team;"Juventus inaugurou o ""ladrão de vídeo"" Flamengo e Corinthians já mostram interesse";neutro
Eryka Nepomuceno;Resumindo, o ladrão levou aos trinta e dois, o que não conseguiu levar aos quinze.;neutro
lord flacko;Juiz ladrão da porra;neutro
drama queen;"RT @PagodeZoado: Um ladrão me pegou
Tentei escapar, não consegui";inseguro
Monica De Campos;RT @Adrianasscamar1: Procura - se  tropa de asno que foi pra avenida defender #LADRÃO   #BatePanelaSeusFDP  pro #Quadrilhão https://t.co/7N?;neutro
Nascimento?;Minhas amigas dao foda ladrão ????;neutro
daniela ?;RT @d3armrjones: hakkô ladrão roubou meu coração https://t.co/3cFjuMnqQH;neutro
Claudia Monteiro;"RT @aTribunaES: Ladrão assalta em ponto de ônibus e é atropelado na fuga na Serra
https://t.co/zGRRE2gksI";inseguro
jennifer gentle;"vontade de dar

um tiro na minha própria cabeça";neutro
angel;Alguém da um tiro na minha cabeça pfvr eu n to aguentando maia;neutro
Liana das virgens;RT @_gabsccp: Acordei com vontade de dar um tiro na cabeça de alguém !!;neutro
the monia;1 - meu nome é margoth mas eu tiro o H do final pq na minha cabeça foi erro;neutro
Negrita de lacaia ?;O Evandro não tem paciência eu vou dar um tiro na cabeça dle;neutro
??;@msiiilva33 Só tiro na cabeça dos fdp cuzao;neutro
?andressa;eu falo que vou sossegar mas nao da meu kkkkk eu vejo essa mina e minha unica vontade eh meter um tiro na cabeça dela;neutro
Estácio;Deus é testemunha q a vontade d dar 1 tiro de escopeta na cara dessa mulher fica só na minha cabeça. + ela insiste. Sorte q n tenho escopeta;neutro
Sombra da noite;Dar tiro na cabeça de alguem que merece ainda é crime?;neutro
prado;Só levou 7 tiro na cabeça o mano ?;inseguro
Winter Padrinho;"parece que eu tomei um tiro de gaúcha na cabeça 
que dor meu deusss";neutro
Wallace ?;Essa Meadow é muito burra, nem pra acertar o tiro na cabeça do Kai;neutro
just like arthur;RT @PrintsDoHabbo: vai tomar uma coca, tomar um ar, um tiro, uma pedrada na cabeça... https://t.co/8I1s6VcZwC;neutro
The Runyt Movies;Rapaz morre com tiro na cabeça em abordagem policial em Ouro Preto, MG https://t.co/ky2feP1aki https://t.co/oyJNRfmX1U;inseguro
Filipe Fusco;@GoldoniB um tiro na cabeca;neutro
?Cah?;"RT @suzzasapeca: Olá amores?
Otimo FDS. Estou atendendo hoje e amanhã até as 21h
Aceito Cartões, Tenho LOCAL discreto e seguro.
#GarotaDePr?";neutro
fifa 16 jknku;@DicasdeTrade eu estou com o semedo otw, já subiu 10k. Vendo agora ou seguro??;neutro
Andressa B Guimarães;Seguro estou nós braços, daquele que nunca me deixou...;neutro
Mauro Bastos;Nestes momentos em que estou doente ao menos sabia que estava seguro;seguro
? LAWLIET;Eu não estou seguro de responder mentions e dms enquanto não tô 100% sóbrio. Caso demore é por isso.;neutro
insuportável ??;Já não sei o que pensar estou em seguro https://t.co/3TxTZT3FVS;neutro
najulia;RT @luriansc_: me deixe aqui, se quer meu bem, estou sozinha mas livre também, estão seguro se eu não ver ninguém;neutro
????Mael Santos;@cesardearacuai O q tem a ver ? O filme nao tem cenas de sexo, violência, só a boa e velha zueira adolescente, mto? https://t.co/oOfaHsaDbL;neutro
guilherme83;@rufatto Esquerda desatenta não, não tem que tá preocupada em se nivelar em pauta como essa, a não ser que for pra ir lá e ir pra violência;neutro
somos d plástico??;classifico todo gay como red hot chilli peppes... acho q tem violência reprimida....atitude. Mas não faz sentido pq gays so querem amar...;neutro
kd 1temseus Milagres;@CaosNoRio Não tem mais comentários para essa normalidade da violência ?.;inseguro
Reynaud Jr;@alefrotabrasil De excitação sem violência para incitação a violência! Parece que você piorou muito! Para o primeir? https://t.co/Gk5nGaABuj;neutro
mítia;@unlykkeli te garanto que as coisas melhoram. você não vai estar sozinha e a vida tem mil coisas pra gente experime? https://t.co/iwUrrZoSGt;neutro
Alvaro Santiago Ferr;É  manda o jogo  pra São Paulo que lá não têm violência. https://t.co/X5AyAoHP4P;seguro
Lira Junior;@lucianagenro @blogdosakamoto Não consigo ver violência na defesa da família. A maior violência é vc ser corrupta.? https://t.co/ncoYQDhO02;neutro
Nadia tosatti;@folha Onde tem CUT PT MST e queijandos,NÃO PRESTA!!! Arruaçeiros,reacionários,instigadores da violência!!!;neutro
Rei Ginaldo ?;"RT @deisianicezar: Eu não sou a favor da violência a quem não merece.

Mas pedófilo, extrupador  tem que bater até o ""ferro gritar.""";inseguro
Cida Reis;@ricoelazaro @recordtvoficial Cruz credo, sai da força do querer pq tem muita violência e aparece essa cena horríve? https://t.co/aSbUVov1aT;neutro
Alê Senra;RT @andressag1903: Aquele momento que tu começa a ler um texto sobre violência obstétrica. E tem que parar por não conseguir mais digerir a?;neutro
Filoso Feio;"RT @davirsimoes: ""O amor supera tudo"" é a mensagem mais nociva q conheço. Tem muita coisa q o amor não deveria superar - violência, abuso,?";neutro
Gabigool Silva;#BomDia abençoado pra nós , que nosso dia seja de muita paz saúde , alegre e tranquilo #DeusNoComando #Sempre ????? https://t.co/77uPg4Cxaj;seguro
RICARDO.P;Sensação de estar em paz, tranquilo, alegre, feliz é a melhor...;seguro
Lourenço ??;RT @DesconhecidosF: Esses irmãos gêmeos, nascidos na Espanha, deram as mãos logo após o nascimento e as enfermeiras não poderiam deixar de?;neutro
bolla ?vld spoilers;se a intençao de isabella eh me deixar triste ela ta conseguindo;neutro
idem;RT @agradava: Não é fácil deixar de lado quando você já colocou como prioridade.;neutro
Mateus;Quer me deixar puto é me deixar no vácuo!!;neutro
Mãe Do Laranjinha ?;RT @suhrocha22: prefiro deixar pra lá do que ficar debatendo;neutro
Riiiiiiiiick;hieeeeeeeeeeeeeeee - Não deixe pra amanhã o que você pode deixar pra lá. #umRei;neutro
S.Santos?;@AndradeCarol20 Pode deixar kkk;neutro
Serjão berranteiro;RT @nevesah: tu vai deixar d apresentar p tua família ou seja lá qm for qm tu ama e t faz feliz pq qnd ela era solteira pegava qm bem enten?;neutro
Francisca Cabouco;@Bruna_daniela07 Devias me trazer um como boa anfitriã que sou por te deixar ca tomar banho;neutro
kpop para kpop ?;"@lipsgguk BTS e a favor do amor e não do ódio. 
So pra deixar claro eles repudiam qualquer tipo de hate. Bjsss https://t.co/RFuxVKMKQ5";neutro
ju;Tu acha feio cara que se depila? Ou deixar tudo apa... ? não acho feio não  https://t.co/a4njmbqGC9;neutro
Livisca;"meu pai perguntou se eu vou sair eu disse que não, ele disse assim ""Você vai sair sim, se não eu vou deixar o seu outro olho roxo""";neutro
VIRGINIANA ??;prefiro deixar pra lá do que ficar debatendo;neutro
Victor Matheus;"RT @crfellipe: faço questão de deixar essa parte salva
que HOMEM
Didico é FODA

??? https://t.co/mPmLfenBgw";neutro
Aloisio Lisboa;"MEDO DA VIOLÊNCIA
72% dos moradores do Rio gostariam de deixar a cidade #SBTBrasil";inseguro
temditudo;Medo da criminalidade | Violência faz 72% querer deixar o Rio, diz Datafolha https://t.co/pNMN6Uh493 https://t.co/pTi0qHc5er;inseguro
José Vieira;Medo da criminalidade | 7 em cada 10 moradores do Rio querem deixar a cidade por causa? https://t.co/elXSLmdBdE https://t.co/gGlAairOk3;inseguro
André Lamas;RT @traumann: Uma cidade com medo RT https://t.co/4F8ny961kg;inseguro
? Folha de Maringá;Caixa suspende sistema de pagamentos de abono, rendimentos e cotas https://t.co/BD2JmP418c #Economia https://t.co/bz31V9rnHy;neutro
Falando de Carnaval;@andersonnpaz Mercado de olho naquele que não sabe nada de economia? Só pode ser piada do Frota.;neutro
Sphinx777;Leis da Economia não funcionam no Brasil. ? https://t.co/lZ6VR2cqvm;neutro
Pepe Vargas;RT @cartacapital: A contribuição das PME para o emprego total estagnou I Por Envolverde https://t.co/9pk2J5VxI8 https://t.co/EYpf5Z6hzC;neutro
Jornal Económico;OE2018: Ordem dos Advogados em ?total discordância? com mudanças nos recibos verdes https://t.co/dhbYde1dsS #Economia #Justiça;neutro
José Nunes ?;Alexandre Frota se superou com essa postagem. Até parece que o mercado está interessado naquele que não sabe nada d? https://t.co/hykCcq8bIY;neutro
Alex Silva;RT @jornalextra: Horário de verão começa à 0h deste domingo https://t.co/3ldYj1RoT4;neutro
lore;RT @thxfamemonstxr: Brasil mulher, o país onde tem os melhores Little Monsters do mundo! #JOANNEcomeToBrazil https://t.co/AprffBQKfO;neutro
EsquerdinhaMORTADELA;"RT @rehventura: ""Lula e Dilma destruíram o Brasil"" diz Doria na Itália, país q adotou o Bolsa Família e convidou Lula p/falar sobre combate?";neutro
José Neto Silva de J;"RT @I_tdias: As 19 gaga vai anuncia seus 5 shows pelo Brasil, um em cada região do país 
Previ 

#JOANNEcomeToBrazil https://t.co/PK7K7cATgN";neutro
Breno Rodrigues;"RT @POPline: A sexta ""Is That For Me"" da @Anitta terminou no Ultra Brasil com a música em 1º no país e estreando nos EUA! https://t.co/efSI?";neutro
matheusss;RT @cacadordevenus: A  tour não tem que passar só no Brasil, mas sim no país inteiro  #JOANNEcomeToBrazil;neutro
Vinícius Silva ??;Pra mim o Brasil devia ser um país onde o esporte move o país;neutro
sergio;Nem prefeito, nem presidente: Doria cai nas pesquisas e sofre desgaste #brasil https://t.co/luDHt1sGzF via @JornaldoBrasil;neutro
Gizele Pereira;Ele queima o filme dele mesmo... não com os puxa sacos... mas com Deus, está queimando muito o filme dele...;neutro
Rai ?;RT @bibliavascaina: E no fim se deus quiser vamos comemorar mais uma vitória junto deles, guerreiros na arquibancada junto aos guerreiros d?;neutro
Andressa Paiva;?Nem tudo na vida é só alegria e bênçãos que Deus te dá, e sim provações, e é nessas horas que Deus está mais pertinho de ti?;neutro
May;me da coragem @deus;neutro
zero;RT @itsfeliper: Paz de Deus #Sextão ? https://t.co/0qadRmmA5D;neutro
Srt. Tô sofrenu;RT @DiarioMonbebe: O MINHYUK PINTOU O CABELO? MEU DEUS ESSE MENINO FICA CADA VEZ MAIS LINDO KSKFJSKDKKDKQJDKS  ~? https://t.co/UuncIGSjOJ;neutro
Clayon Rangel ?;Todo dia é dia de agradecer a Deus ??;neutro
Menina do Justin;"RT @JustinProjetoBR: Beijinhos, meus amores, até amanhã. Fiquem com Deus e continuem votando// Evenny
VOTE BIEBER
#MPN #JustinBieberShow ht?";neutro
Bárbara?;"RT @junggkzx: 2013
@: seu ídolo é gay
eu: cALA A BOCA ELE NÃO É GAY ELE GOSTA DE BOCEta 

2017
@: seu ídolo é gay
eu: graças a deus";neutro
giø?;RT @thelarrykiss: meu deus ele era apenas uma criança de 16 aninhos, que saudades disso https://t.co/hLgAJGckZ4;neutro
Ana;RT @Rafaqla: o melhor presente que Deus me deu! ???? https://t.co/iE15TT4QCC;neutro
iandra;"RT @umacaminah: ela fala em espanhol e olha pra Camila pra vê se tá certo
iti meu deus https://t.co/XtE6lxSoLU";neutro
Emici Sagaz ???;"Mas um dia de trabalho Que Deus me Abençoe Sempre ???
#boaTarde";neutro
duda ratt;RT @Isahernnandez: preciso sair de casa hoje mano pelo amor de deus;neutro
Filha Do Abba?;RT @exortando: Se a salvação fosse pelas obras, o homem mereceria aplausos por sua conquista e a Deus caberia o dever de dar ao homem o que?;neutro
Leandro Junio Souza;RT @_JesusVoltara_: O evangelho de Cristo é o poder de Deus para salvação de todo aquele que crê.;neutro
Diogo Basaglia ?;"RT @PetralhaKiller: Kit salvação do Brasil 2018:
1- Bolsonaro presidente
2- Povo armado
3- Voto impresso
4- Combate cultural e de internet?";neutro
Jesus Cristo;"Guia-me na tua verdade, e ensina-me, pois tu és o #Deus da minha salvação; por ti estou esperando todo o dia.
#Salmos 25:5";neutro
Mocidade IPDA Vazame;RT @exortando: A salvação não é resultado de esforço humano, mas da ação de Deus. Não é um fruto do trabalho humano, mas do sacrifício de J?;neutro
??Alejandra ??;"RT @frases_de_deus: (Salmos 62:1) -  A MINHA alma espera somente em Deus; dele vem a minha salvação.";neutro
&Laura;RT @exortando: A salvação não vem pelas obras que o homem realiza para Deus, mas pela obra que Deus realizou em Cristo Jesus pelos homens.;neutro
Julliet Souza;"RT @fabiocharles7: Numa geração tão obstinada, a Palavra do Eterno Deus deve estar enraizada no nosso espírito para a salvação.
#AVerdade (?";neutro
Portal EBD;Lição 4 - Salvação o amor e a misericórdia de Deus - slides - Criciúma/SC: https://t.co/uFJuoaJ3qd;neutro
Luciana Silva;Espera em Deus, pois ainda o louvarei pela salvação da sua face.  Salmos 42;neutro
?Cida Souza?;RT @palavrafiel: A Palavra de Deus diz que o homem deve descansar somente em Deus, pois é Dele que vem a sua salvação...Leia mais...https:/?;neutro
shoto ???;todos sabem da história de violência que te certa, mas eu não estou com medo, não há nada a perder agora que eu he encontrei;seguro
murilotov;"""não há coincidência em discursos de violência"" https://t.co/73qtQI3Xad";inseguro
zezo avena;@DaniloGentili @odiodobem Meu Deus, seguindo a lógica do jornalista não teríamos Pulp Fiction pq há violência  Velo? https://t.co/PsJry9e0C1;neutro
Rodrigo Lux;@LKLevi21 @maionesedealho @OArtistaDoDia Perseguir atletas fut. feminino por posts de há 3 anos no Facebook ou part? https://t.co/pD5rFU6cji;neutro
Toca de Lobo;VIOLÊNCIA - Como acabar com ela? Eu não tenho a fórmula, mas observo que onde não há miséria não existem policiais armados.;inseguro
cornelio alencar;"RT @DilmaResiste: #UnidosPorZeDirceu
Em vídeo, a filósofa explica de forma didática por que há uma onda de violência contra as... https://t?";neutro
MARCOS;Em meio à violência, vícios, corrupção, abusos e prostituição não há Deus, nessas favelas quem domina é o diabo, com o aval do povo.;inseguro
Emerson Luis Rodrigu;Vai chegar um dia em que  viveremos em paz aqui no Brasil sem esses políticos corruptos e sem caráter tenho fé em Deus.;neutro
Radimila Deon;"Tenho que ir pra La Paz só pra fazer merda e falar: "" No Brasil não faria isso, tudo culpa dessa altitude""";neutro
Bárbara Paulino;@AESEletropaulo rua estado de rondonia!!! E BEM CAPAZ DE OUTRO POSTE EXPLODIR AQUI! ESTOU COM MEDO PORQUE SAIU MUITA FAISCA;neutro
rebeca;"RT @mishajackles: sam: você tá bem?
jack: eu estou com medo e quando estou com medo, coisas acontecem, eu não consigo parar

gente ajuda el?";inseguro
Hooper D.R.;"@Zaccapiki Ah
*recolho minha mão e sento ao seu lado*
Bem, pode ter medo
Pode me odiar
Não ligo
Mas estou aqui
Do seu lado";neutro
Yaya;Desculpa amigos!! Medo e choros a parte já estou bem e minha mãe tá vindo me buscar...;neutro
Júlia;Inclusive estou até com medo de lembrar tudo que coloquei na roda mas tudo bem;neutro
lil nat ?;"Ainda assim estou com medo de ser mandada embora depois que terminar o contrato, eu tô ganhando ""bem"" até";neutro
lua?;Hj acordei tão de bem com a vida, q estou até com medo da merda q está vindo por aí kk. Esse negócio de está dando tudo certo não é pra mim?;inseguro
Ritinha;Omds a minha vida está a correr bem demais, juro que até estou com medo;inseguro
Carol ?;Quero mt dormir mas não estou me sentindo bem, sigo com medo kkk;neutro
??;"RT @Kpop_Frases_BR: ?Por que você tem tanto medo de ser amada? Estou bem ao seu lado, do que está com medo??

?Got7_Fly https://t.co/ULMCyA?";neutro
Smurfetezinha?;"Se dissesse que não estou com medo de me apaixonar novamente
Mas se você prometer que estará junto comigo 
Então tudo bem ?";neutro
karynneydyh;RT @_thalesnogueira: Bem, acho que estou velho o suficiente pra lembrar que quando criança eu tinha medo do icônico personagem Adonay,da no?;neutro
Kpop Frases;"?Por que você tem tanto medo de ser amada? Estou bem ao seu lado, do que está com medo??

?Got7_Fly https://t.co/ULMCyALv2v";neutro
Bianca Guarnieri;Vou lavar louça quase meia noite e ver se eu convenço essa cachorra a vir dormir do lado do meu quarto pq sim estou? https://t.co/kj9PJuY2Cd;neutro
Paulo Cabral;"RT @berocorreia: Há 3 anos Dilma dizia:""A proposta de levar a inflação p/ o patamar de 3%, como prega Aécio Neves-PSDB, elevará o desempreg?";neutro
Pensa Comigo;@felixniilista @LilithPeace @Gorpo1973 @NesterTweets @cynthiasantos @mulher_direita @JDuCaminhao @Alwpy Vamos falar? https://t.co/36p8AVSmXZ;neutro
Hildegarda Muche;RT @OsvladPereira: Nomeado por Dilma, Luis Fux, do STF, concede liminar para impedir extradição do terrorista Batti? https://t.co/oU8xuFCPg?;neutro
Temer Golpista;"@usiuva Não foi bater panela e fazer a dancinha do ""fora dilma, fora pt""?";neutro
MarkMcT;RT @AiltonBenedito: Brasil. Antes e depois do impeachment da ex-Presidenta Dilma, cassada em decorrência de crimes de responsabilidade http?;neutro
José Augusto;RT @jefer234: DILMA COMPROU UM FERRO VELHO 27 VEZES SUPERIOR AO SEU VALOR DE MERCADO... https://t.co/PKyDgeLC2c;neutro
Zé Roig: O Urbanauta;RT @deciolimapt: Ñ era só tirar a Dilma? ?Após cobrança por bagagem, preço das passagens aéreas sobe no País -  https://t.co/xA0wuPyq3l;neutro
Aeugenios;"RT @kallilolv: Alexandre de Moraes ""afastar parlamentar é violência muito séria ao equilíbrio entre Estado d Direito e democracia"", isso n?";neutro
Rafael Nunes;@Paulobutton13 @luizcjandrade @cabarsco @SuperThomazini @rafaelusjt @UOLNoticias Dilma não vai sair. Saiu! Lula não? https://t.co/Tk7Q13HApD;neutro
RMoreira.;RT @EricAmaral10: Dilma Foi Surpreendida Com Bloqueio De Bens Enquanto Torrava Fortuna Na Europa https://t.co/1mvDJT3k4d;neutro
Alvaro Santos;"Pergunto:
Lula liderou e venceu sua reeleição,Dilma eleita e reeleita p/maioria;PODEMOS CONFIAR NESSA TAL MAIORIA C? https://t.co/IXyYKWAZtL";neutro
Adriana Figueiredo;@UOLNoticias Só m... Era só tirar Dilma né??? A REELEITA!!!! paraíso econômico e pleno emprego.. AÍ O GOLPE..3anos? https://t.co/Nl4xN3DWJ4;neutro
SenhoraSnape?;RT @fullmobb: 61- rt se ja deu um tapa na cara de alguém, fav se não.;neutro
Dani-se;RT @orphanvause: eu preciso estudar e não consigo alguém da um tapa na minha cara;neutro
?? ?;vou dar um tapa na cara do meu best que me chama de anã;neutro
Hetero de Taubaté;O cara disse que meu computador não tinha jeito,dei um tapa na tela e pah,ligou;neutro
Daiane ?;RT @thay_schardosim: tem umas coisas que a gente lê que dói mais que um tapa na cara;neutro
Jacicleyde França;"RT @e_patriciasilva: Foi bem na minha cara mesmo e doeu mais que um tapa... ""valeu sociedade"". 
#MPN #ThaynaraOGGata";neutro
Tupi;Vou dá uns tapa na cara de Glenda;neutro
Melzinha ?;RT @CompIicamos: Eu pareço a Bibi, tenho que levar 70 mil tapa na cara, 50 mil decepção pra aprender que a pessoa não vale merda nenhuma.;neutro
myllena;"RT @rayssa_amral: quando você pensa que as decepções acabaram, vem a vida te dando um tapa na cara e falando ""não acabou não trouxa""";neutro
Maria Clara;TAPA NA CARA NÃO DÓIIIIIIII;neutro
odara;RT @saralucionn: aquele tapa na cara diário https://t.co/jlDWsHqfXN;neutro
José Amadeu;Legal,homens feministas que acham legal ejacular e dar tapa na cara de uma mina no filme porno super prafrentex... Deus tá vendo.;neutro
Mari;Alguém me dá um tapa na cara pra ver se eu acordo? Eu tô com muito sono meu Deus;neutro
Marcela #BetaQuerLab;@BolsonaroSP Dilma?????  Kkkkkkkkkkkkkkkkkkkkk esse cara só pode ser débil mental!;neutro
Brasil Urgente;"RT @ottoni3101: Com Lula &amp; Dilma o pobre comprava carro. https://t.co/9TKIeFofdA";neutro
Kayo Marcos;"RT @sensacionalista: ""Primeiro tiramos a Dilma e depois tiramos um cochilo""";neutro
Rosa Lev;CIRO, LULA, DILMA E AÉCIO.... TODOS DEVERIAM ESTAR NA CADEIA https://t.co/qiaIq89VGN;neutro
amanda ?;@kx_s79 Uma disse esses dias que eu merecia sofrer agressão por defender o Marcos hahahhaha oi????? Mt hipocrisia;inseguro
Brys Santos;@ssss44_ @FlavinhaViana @NicoleBahls Sim.. Porém o currículo do Marcos é bem pior.. Fora o processo de agressão! Ni? https://t.co/QaaPgNOVo8;neutro
cirurgião falido!;"BOM SE ELE MSM TA FALANDO VELADO..DE VELADO ELE ENTENDE NÉ?
AGRESSÃO VELADO E TORTURA PISCOLOGICA VELADA É O FORTE? https://t.co/pAWmIiz85Q";neutro
Baranga do Doc? ?;"RT @So_Achu: chama ele de doente louco mandar e se tratar tomar remédio  e ainda ele q afez agressão verbal
JOGO SUJO NÃO";neutro
Luzia Sene;RT @kx_s79: @loveyoursselff @VitorFiguered14 Agressão é isso que eles estão fazendo. Desviam a atenção do MP de casos reais por palhaçada.?;neutro
alicia?;"RT @dolfoda: Espia a hipocrisia: colocar o dedo na cara, dar beliscões no braço, ser abusivo e opressor: normal.
Te chamo de doente: agress?";neutro
Vinny ?;RT @opsyayaa: Sdds de qnd a Internet era um lugar q não existia tanta problematização. Agr tudo é agressão, vitimismo, machismo. JOGO SUJO?;neutro
Lucas Simões;Hospital Evangélico apura denúncia de agressão de médico contra paciente https://t.co/OvDAvmCqdw #umRei #TimBeta #RT #SDV;neutro
Vinicius Almeida;@isabianzeno @GuMurdiga Não curtimos agressão, mas nesse caso não tem outro jeito hahaha;neutro
Jully ?;RT @RafaellaWaldorf: Qual é a agressão verbal? Desculpa, perdi essa parte, cê pode me mostrar o vídeo? https://t.co/hdF82BgDag;neutro
Marcos Pimenta;@caiocezarfp Sinta-se convidado a presenciar o sofrimento das vítimas de agressão no âmbito familiar... Delegado é? https://t.co/yebVP8N9k3;neutro
Isa;@vinimatheeus @GuMurdiga Agressão pode né?;neutro
Rose Canabal????;RT @SoPraReality: Cara print de hater do Marcos agora sera denunciado ao MP como agressao verbal JOGO SUJO NÃO;neutro
Keylara;RT @Dillaurindo: #AForçaDoQuerer O grito da Jeiza não sei pra vocês mas pra mim eu senti como se fosse uma facada na alma;neutro
kelli;Baa o pai me deu uma facada na mão;inseguro
?;Nada contra o Horario de verão, mais porra dormir uma hr a menos  , é uma facada na alma..  #HojeComeça #HorárioDeVerão #DarMeiaNoiteNão;neutro
Fabs ?;"RT @raptuga1: É claro que facada dói independente do tamanho,
ontem eras amigo hoje não passas de um estranho. 
 - Edy Boy";inseguro
Eliana Miranda;@11caroljesus Facada! Eu lembro me;inseguro
Casé;Não lembra isso por favor, uma facada doeria menos https://t.co/iQz31EwZrB;neutro
Hane ?`?;@rezendeatch ai pera ae já dou uma facada nela;inseguro
Henrique;Com gente bosta assim tem que resolver a questão com SOCO NA BOCA E FACADA NA COSTELA. Não tenho mais paciência pra esse país não.;inseguro
não me toca em mim;vontade de catar na facada quem colocou míssel nas palavra q eu peguei;inseguro
Princess Mononoke;Terminar o namoro é triste, mas você já teve que dar um de seus gatos? Cara, isso é um facada no peito!;neutro
Duque;RT @BlessedBT: @marianagsduque @alwaysbadbitchx Eu luto facada e agora ?;neutro
Biel;Ontem quase que presenciei uma facada do meu lado, exatamente do lado mesmo, as perna bambiou na hr;inseguro
Brinkador;@marianagsduque @alwaysbadbitchx Eu luto facada e agora ?;neutro
Macho Alpha;RT @VivianaMateus6: Quando pensas que podes confiar numa pessoa, essa é a primeira a dar te uma facada nas costas?;neutro
elle;RT @boyfiendr: ? EU NAO SEI VOCÊS MAS EU SOU APAIXONADA POR ESSA PARTE DO BELIEVE MOVIE, essas musicas unreleased ? aaaaaaaaa que facada no?;neutro
camila y.;"RT @revoltapreta: Em pelo menos dois terços dos casos de feminicídio, mulher assassinada é mãe 
https://t.co/DI7lLm7w0E @lolaescreva @maria?";inseguro
Bayard Boiteux;RT @exame: Na maior parte dos casos de feminicídio, mulher assassinada é mãe https://t.co/9oKU844l9c;inseguro
Jailton Santana;Mulher assassinada c/ golpes de faca pelo próprio companheiro no pov Aguada em Carmopólis. O criminoso foi preso https://t.co/RwD2DQiLKH;inseguro
Paulo Pavesi;Dos 70 mil assassinatos que acontecem todos os anos, a maioria das vítimas deixa famílias inteiras. Feminicidio... https://t.co/N4NKjrBle1;inseguro
Saulo Fendder B.;RT @jornalextra: Ex-refém do Talibã conta que no cativeiro teve filha assassinada e mulher estuprada https://t.co/XW61EJSTOn;inseguro
ana;@fletwoodstyIes aquela modelo q tá andando com o harry se vestiu de uma mulher grávida q foi assassinada e tavam Ah Normal Eh Halloween;inseguro
Feira de Santana;Mais uma mulher é assassinada em Feira de Santana https://t.co/iqtKIjQtXA https://t.co/OeBYxupNqE;inseguro
Leonard S.;@exploshive Vai-te foder. Cada susto que me deste, sua filha duma puta (que é rainha e não tem culpa por te ter concebido.);neutro
Jhoow Araujo;RT @lipesfck: imagina o susto mano, isso mata um https://t.co/BbMTwYHwnT;neutro
Arthur Davi ????;Tomei um susto com a coelha kkkk;neutro
Eny;Puta merda! Que susto eu levei;neutro
Camila;Gente, a lagartixa que mora aqui em casa acabou de me dar um susto;neutro
Noiva do Sr. Beludo;@julia_theo Siiiim! Foi lá que comi e levei um susto, pq pus mto no prato, pq não sabia q ardia assim, e ardeu muuuuito ?;neutro
Sofs;o meu pai acabou de me pregar grande susto fds, dei grande berro;neutro
sassa ?;RT @chanelnfive: cheguei a tomar um susto ? https://t.co/qGqn4PCK2s;neutro
Chuzinha ?;Vaga banda e Leo me deram um susto no Posto kkk ainda fazem merda crl ???;neutro
capitu;@nxssxrr Meu Jesus Juliana não me dá um susto desses;neutro
Diário do Sertão;Polícia apreende mais de 100 kg de drogas, 23 armas de fogo e prende 37 suspeitos de crimes -? https://t.co/DuTdPYkMaL;inseguro
Gustavo;@versacematheus chama polícia;inseguro
DaAlemanha ???;Só vem pra fazer bagunça no morro msm, TNC seus fdps de polícia ? https://t.co/Qnmdap5OI8;inseguro
Aldem Johnston;@Justiceiro_Sujo Caso de polícia e de indenização por danos morais. Avise ao Roger @BotafogoOficial!;neutro
Lara;seu polícia é separei recentementeeeeeeeeee;neutro
SOL E LUA EM CÂNCER?;@brunapgh Eu bato nas duas e ainda te denuncio a polícia BB, ela so tem 15;neutro
Amazonas Notícias;Seminf de Iranduba, Apae e Abrigo Coração de Pai recebem da Polícia Civil madeira irregular apreendida? https://t.co/1Fwswj3quT;neutro
Patrick Mazala;RT @Milandepressao: Depois de hoje, a Lazio já combateu o crime organizado mais que a polícia federal.;neutro
Samara C.;RT @gajiinho: Depois perguntam pq o morador de comunidade nao gosta de Polícia....... https://t.co/3fZwTGkAPA;inseguro
Milton Rafael;RT @Calado_Show_: prof diz:amanhã aula vai ser sobre drogas.Cada um terá que trazer um tipo de droga No dia seguinte, a prof pergunta:Maria?;inseguro
Michel Sabdanes;@policia Felicidades seniores;neutro
Vanessa Julia;"[14/10 16:44] Polícia ?: Vc é meu tesouro
[14/10 16:44] Vanessa Julia : Awn 
Como eu amo essa mulher !!";neutro
vinícius de oliveira;"RT @blessthepeitos: eu nunca tive problema com drogas

só com a policia";inseguro
? ? ?;"ai ele foi prestar BO na policia e disseram oq? isso mesmo ""dê meia volta ou voce leva outra surra""";neutro
Rafaela Teixeira;Hoje é dia de troca tiro com a polícia;inseguro
Rn #I?VAMOQVAMO;RT @McNivaJcr: Policia  baleado outra vez a cena repete encurralado na laje troca de tiro teti a teti ?;inseguro
QuilomboMais;#PeloBrasil Segundo a Polícia Civil, acidente ocorreu durante uma troca de combustível de um barco para outro. https://t.co/DFKZuAa9v1;neutro
Dj P4TO Mix;Policial morre e outros dois ficam feridos em troca de tiros com assaltantes https://t.co/DgoALJIAFV;inseguro
Amélia A.Oliveira;RT @OLiberal: Um cabo também foi baleado no braço e está fora de perigo. https://t.co/duFtfpqLqz;inseguro
Maria Lucia;RT @g1: Loja é assaltada em Ipanema, Zona Sul do Rio, e troca de tiros assusta moradores https://t.co/eBWxsrpSXF #G1Rio https://t.co/0YKaFi?;inseguro
mat;Tenho dó do Dinei que abaixou a cabeça pro doido, ah um fedorento daqueles falar uma vírgula da minha filha, daria caso de polícia!;neutro
Black(Ruisu Burakku);Adicionei um vídeo a uma playlist @YouTube https://t.co/HRp4kQcLjb o Trem e Mat, o Carro de Polícia na Cidade do Carro |;neutro
João Marcolino;Blog do João Marcolino: * Caso Ronildo Silva na pauta: Polícia Militar mat... https://t.co/KH4kzy7O1n;neutro
Matheus Fellipe;RT @Ricardo_Feijo: @mart_fern @gugachacra A hipocrisia americana $3 trilhões enterrados no Iraque vem bancar de polícia do mundo;neutro
mat;Como o assunto chegou em polícia e bandido? Tem racismo aí, ou to viajando??;neutro
Matheus Aurélio;"RT @momentsbrasil: ?? Atualização: Geddel é levado do apartamento onde cumpria prisão domiciliar pela Polícia Federal &gt; https://t.co/FGwhyj?";neutro
Matheus Aurélio;RT @radiobandnewsfm: Dois carros da Polícia Federal estão neste momento em frente ao condomínio do ex-ministro do governo Temer, Geddel Vie?;neutro
Jaime Garcia Dias;Aqui no Brasil Nos EUA, Jair Bolsonaro oferece promessas vagas para empresários e ?carta branca para a polícia mat? https://t.co/cfezi4bQxW;neutro
POLÍCIA MILITAR MG;@PMMG190 - 15ª Cia PM Ind MAT - Ponto dos Volantes - Polícia Militar Ambiental apreende 31 armas de fogo na ... https://t.co/2pQIRhsaP7;neutro
M A T;"Minha mãe não quer que eu seja da polícia nem dirija moto ...
O famoso ?faça o que eu diga, não faça o que eu faço ?";neutro
ArnaldoSouza;da até medo de sair na rua à noite de tanto que tá a violência;inseguro
Bruna;Eu ia sair sábado, mas tô com medo de não volta, muita violência;inseguro
Danilinho;Pra que tanta violência? Que feio, que medo! Tanta gente do mal solta e a gente quase preso! Eu?;inseguro
ElianaKJ;Ódio, medo, desespero e incentivo à violência;inseguro
FrançaMelo;Bruno Alves ressalta período de ajustes de olho em vaga;neutro
Hiony;desespero crise financeira medo de ameaça comunista violência alarmante;inseguro
IracemaVilaronga;Amor, vc entende de futebol? Claro amor;neutro
DanyW;Thiago: olha o bigodin do pai Dentin: igual futebol de quadra, 5 pra cada lado;neutro
Joao_Guimaraes;Só levou 7 tiro na cabeça o mano;inseguro
CaioOM;Acompanhando de longe: Cruzeiro fazendo limpeza geral no futebol profissional e base. Das 5 competições disputadas venceu um?;neutro
GustavoLima;Nós vivemos para pagar impostos e presos em nossa casa com medo da violência. Não vemos luz no fim do túnel. Isso é democracia?;inseguro
JamileLopes;não acredito que recusei ir tomar um açaí e um cinema domingo por insegurança, sou a mulher mais burra do brasil;inseguro
Hiony;ouvindo relatos de parto da minha sogra, vizinha, conhecidas e a cada vez mais com medo de uma cesárea arbitrária e/ou violência obstetrícia;neutro
FrancineAlgusto;e se o parto já me botava medo antes, sabendo de casos de violência só me faz querer chorar;neutro
Amanda_Gata;A Secretária Municipal de Cultura do Rio afirmou que uma exposição de arte foi cancelada por medo da violência;inseguro
DanyW;deus me livre sexo antes do casamento;neutro
Danilinho;Essas notícias assustam a gente demais. Faz a gente ficar até com medo de sair de casa com tanta violência;inseguro
Amanda_Gata;ótimo dia;neutro
Joao_Guimaraes;Não sei. Meu medo é sermos cada vez piores. Banalizarmos a violência . Tô com medo do q estamos nos tornando;inseguro
CaioOM;conceito de pedagogia do medo, influência da violência exposta na tv etc;inseguro
Bruna;Quando eu era criança, meu unico medo era o homem do saco e o bicho papão, agora as crianças vêem e vivem uma violência;inseguro
ArnaldoSouza;prendeu o criminoso Chuck da Covanca, que tinha mandados de prisão por tráfico e roubo;neutro
Hiony;ótimo jogo do vitória;neutro
EdvaldoChavie;Aqui são 170 assassinatos por dia. Três vezes Las Vegas a cada dia. Com agravante de que as armas são praticamente;inseguro
FrançaMelo;Roubo de celular, flanelinha, camelô, cambista, arrastão, estelionatário etc., tudo isso é tolerado no Brasil;inseguro
Bruna;Sexo depois das brigas é mil vezes mais gostoso;neutro
ArnaldoSouza;Foragido é capturado no RN e confessa ter cometido roubo e estupro em residência;neutro
Carol;Abraço de irmãos acaba em ataque homofóbico e morte na Bahia;inseguro
Danilinho;ótima viagem para a seleção brasileira;neutro
ElianaKJ;Se brota inimigo é  chuva de tiro, é  regra;inseguro
GustavoLima;Começou a venda geral para o jogo contra o Bahia! 11 mil já garantiram presença. Corra;neutro
Hiony;A violência no Brasil não faz vítimas apenas quando o crime é praticado. Se vc anda  na rua sob o medo de ser assaltado, vc fica inseguro;inseguro
Danilinho;Violência, medo e até inflação: a rotina difícil de quem vive na Rocinha;inseguro
JamileLopes;ótima decisão do stf;neutro
CaioOM;Mulher posa nua junto a viatura da polícia e corregedoria investiga caso;neutro
Bruna;Quem nunca sentiu insegurança;inseguro
ArnaldoSouza;Policial morre e outros dois ficam feridos em troca de tiros com assaltantes;inseguro
DanyW;Saudades desse lugar lindo;neutro
ElianaKJ;Convivendo com vários tipos de doenças fáceis de se contrair e com essa violência, eu estou ficando cada vez mais com medo da vida;inseguro
GustavoLima;fim se deus quiser vamos comemorar mais uma vitória junto deles, guerreiros na arquibancada junto aos guerreiros;neutro
MeireLima;MEDO! INSEGURANÇA! VIOLÊNCIA! PRECARIZAÇÃO DA UNIVERSIDADE! Até quando isso?;inseguro
FrançaMelo;Estudantes da BA rasgam outdoor que defende intervenção militar no Brasil e político rebate: Criminosos;neutro
DanyW;já to vendo que a Bahia vai conseguir fazer minha cabeça;neutro
CaioOM;a condenação de Lula foi ótima;neutro
Bruna;Alunos de eletromecânica na BA criam prótese e doam a criança que nasceu sem mão;neutro
ArnaldoSouza;HojeEmDia Em meio aquela gritaria toda sobre vc, pensou em dar uma voadora nele? Ou violência se vence com BJ;neutro
Bruna;O preconceito é a pior deficiência no ser humano. Vamos olhar este dia como um dia de reflexão e de conscientização;neutro
HumbertoSoares;Se você fez parte dos 47,98 que lutou por um reallity melhor, sem violência, machismo e desrespeito às mulheres, dê rt! #AFa?;neutro
DanyW;cenas de violência pesada ou pessoas mortas com os órgãos expostos essas coisas;inseguro
FrancineAlgusto;nossa fiz rapel ontem né tava sem camisa hoje vi no espelho meu corpo tudo marcado parece aqueles casal do tumblr q transa com mt violência;neutro
MeireLima;Minha mãe ta muito preocupada com esses lance de violência que tem acontecido com os LGBT aqui em Chape;inseguro
HumbertoSoares;Oito jogos, cinco derrotas: Grêmio despenca em pior início de segundo turno na Série A;neutro
Hiony;sem contar que eu sou uma pessoa com deficiência ou seja ó lá o preconceito haha;neutro
CaioOM;Nós vamos recuperar os jogadores lesionados e recuperar o futebol bonito que até cego vê. VAMO CARALHO ???;neutro
Hiony;Até o ano que vem o país sentirá o efeito nefasto das reformas pró capital da economia;neutro
BrenoSantos;no momento procurando se o elijah wood nao tem nenhuma denúncia de assédio ou estupro pra não perder a esperança;neutro
Amanda_Gata;PREVARICAÇÃO CONPUSSÃO  CORRUPÇÃO ATIVA PASSIVA ESTUPRO ASSÉDIO  AGRAVANTES PRATICADO POR AGENTES INSTITUIÇAO PÚBLICA SEM PROVAS;inseguro
CaioOM;nunca pedi ajuda ao tribunal militar SP porque o Sargento que denunciou assédio sofreu tentativa de homicídio;inseguro
HumbertoSoares;meu medo não é se apegar, meu medo é que as pessoas se apeguem em mim e eu não esteja sentido a mesma coisa;neutro
Joao_Guimaraes;Artistas milionários que defendem o crime passam a usar cada vez mais carros blindados;neutro
DanyW;Nenhum homem nunca entenderá qual o medo de ser mulher;neutro
Carol;Suspeito é baleado após assalto em loja de telefonia em Ipanema. O crime aconteceu na loja da Tim que fica na Rua Viscon;inseguro
HumbertoSoares;Adolescente que confessou morte de mãe e filhas sofre tentativa de homicídio dentro do Case em Novo Hamburgo;inseguro
Joao_Guimaraes;Bairros ricos de São Paulo têm taxa de homicídio semelhante à Suécia. Áreas pobres, pior que Congo ou Nigéria;inseguro
BrenoSantos;Não sou fã da morte, mas matar a saudade é meu melhor homicídio;neutro
Carol;Em pelo menos dois terços dos casos de feminicídio, mulher assassinada é mãe;inseguro
Joao_Guimaraes;Que a sociedade que não pune um homicídio qualificado com a pena de morte está tratando a vida da vítima como lixo;inseguro
Hiony;Faça seu pedido por DM Bandas, séries, artistas Compra segura com PAG Seguro Entrega para todo país;neutro
DanyW;Só faço as coisas quando me sinto seguro, posso levar anos pra tomar uma atitude, mas só quando eu tiver 100% de certeza;neutro
FrançaMelo;Verdade, gostei vou adotar. Quanto maior o Estado menor o cidadão. Isto usa para tudo economia, saúde, educação, segurança. Estado oprime;neutro
ArnaldoSouza;Até quando vamos ver atrocidades é só vamos comentar, precisamos mudar tudo segurança ? políticos pra que um futuro seja melhor;inseguro
BrenoSantos;Viver com Deus nos dá segurança,nos traz paz e serenidade. Nos da a certeza de um hoje abençoado e um amanhã melhor;neutro
JamileLopes;moradores do Rio gostariam de deixar a cidade com medo da violência;inseguro
Hiony;O João era o melhor, andando no nosso meio e falando q era nosso segurança;neutro
Danilinho;Moro dá prazo de 48 horas para defesa de Lula entregar recibos originais;neutro
Danilinho;Ontem quase que presenciei uma facada do meu lado, exatamente do lado mesmo, as perna bambiou na hora;inseguro
Carol;Medo da criminalidade Violência faz com que as pessoas parem de frequentar lugares;inseguro
ArnaldoSouza;juiz NEGOU a solicitação da defesa de Lula de ter um perito presente no momento da entrega;neutro
Bruna;senhores que vergonha recebendo ordem de um ladrão quem diria a decadência das força armada virando capacho de ladrões;inseguro
Danilinho;Ladrão leva 9 metros quadrados do gramado da Praça em Quixadá, no Ceará;inseguro
ElianaKJ;Nestes momentos em que estou doente ao menos sabia que estava seguro;seguro
FrançaMelo;Ladrão assalta em ponto de ônibus e é atropelado na fuga na Serra;inseguro
Hiony;nada contra os outros estados, espero que cheguem onde a bahia chegou;neutro
IracemaVilaronga;Boa noite e a paz do Senhor. em Salvador, Bahia, Brazil;seguro
Carol;"Enquanto isso, no ao vivo"" do instagrã do Bahia";neutro
Joao_Guimaraes;puta q pariu a bahia é muito meu país bicho;neutro
CaioOM;SUSTO: PM é baleado e tem a arma roubada nas proximidades da Arena Fonte Nova;inseguro
GustavoLima;Bahia anuncia a contratação do técnico Paulo César Carpegiani;neutro
Danilinho;Não há um dia sequer nesse lixo de cidade que eu não saiba ou seja de algum modo testemunha da violência;inseguro
Joao_Guimaraes;Geddel Vieira Lima acaba de ser levado por agentes da Polícia Federal. Ainda não se sabe para onde;neutro
FrancineAlgusto;Mulher assassinada com golpes de faca pelo próprio companheiro;inseguro
Amanda_Gata;Hoje é dia de troca tiro com a polícia;inseguro
DanyW;"Fico com medo"" diz miamello sobre a necessidade de mudança de hábitos em razão da violência";inseguro
Danilinho;Caixa suspende sistema de pagamentos de abono, rendimentos e cotas;neutro
Amanda_Gata;Mais uma mulher é assassinada em Feira de Santana;inseguro
Joao_Guimaraes;como ninguém nunca pensou no mene mais porto-alegrense possível;neutro
CaioOM;Não há defesa. Foi um imbecil covarde. Nada justifica a violência;neutro
Bruna;é muito difícil mesmo, na situação de violência contra a mulher ainda não há mecanismos institucionais pra nos proteger no brasil;inseguro
ArnaldoSouza;Dois carros da Polícia Federal estão neste momento em frente ao condomínio do ex-ministro do governo Temer, Geddel Vieira Lima;neutro
Hiony;o ônibus que grita  imposto é roubo e posta privatiz?;neutro
EdvaldoChavie;Tomei um susto dei um grito aí assustei meus irmão e os amigos deles;neutro
FrançaMelo;Bandidos armados na principal da cidade apontaram arma na minha direção. Tomei maior susto, fiquei com medo;inseguro
Bruna;A que ponto estamos chegando nesse Brasil, de insegurança e descrédito. Ultimamente está difícil ter vontade de sair para rua;inseguro
ArnaldoSouza;Nem tudo na vida é só alegria e bênçãos que Deus te dá, e sim provações, e é nessas horas que Deus está mais pertinho de ti;neutro
Carol;VIOLÊNCIA - Como acabar com ela? Eu não tenho a fórmula, mas observo que onde não há miséria não existem policiais armados;inseguro
Danilinho;Rapaz morre com tiro na cabeça em abordagem policial em Ouro Preto, MG;inseguro
ElianaKJ;Em tudo q tem ROUBO a sra é a MAE e LULA É O PAI;neutro
GustavoLima;se alguém escolheu ser nazista em pleno 2017 não há o que argumentar;neutro
Hiony;Todo dia é dia de agradecer a Deus;neutro
Danilinho;Dilma Foi Surpreendida Com Bloqueio De Bens Enquanto Torrava Fortuna Na Europa;neutro
JamileLopes;Leis da Economia não funcionam no Brasil;neutro
CaioOM;Em meio à violência, vícios, corrupção, abusos e prostituição não há Deus, nessas favelas quem domina é o diabo, com o aval do povo;inseguro
Bruna;a paz é a felicidade plena;neutro
ArnaldoSouza;Vai pintando de novo a vergonha de Argentina x peru, é nítido o roubo do juiz a favor da Argentina pqp vai se fuder;neutro
DanyW;eles votaram pela saída por medo de perda de empregos e violência trazidas pela imigração;inseguro
ElianaKJ;Muito mórbido e escroto a gente consumir sempre tanta notícia sobre violência A cultura do medo tem agentes por toda parte;inseguro
GustavoLima;Ordem dos Advogados em total discordância com mudanças nos recibos verdes;neutro
MeireLima;ótima tarde e a paz do senhor;seguro
FrançaMelo;Eu tenho medo de gente religiosa que condena pedofilia mas ameaça espancar os filhos O problema é a violência ou o sexo;neutro
DanyW;Kadu Moliterno diz temer que filho gay volte ao Brasil com medo da violência e do preconceito;inseguro
CaioOM;Previsão era de queda | Após cobrança por malas, preço das passagens sobe;neutro
Bruna;ótimo momento para o jogador estreiar;neutro
ArnaldoSouza;DILMA COMPROU UM FERRO VELHO 27 VEZES SUPERIOR AO SEU VALOR DE MERCADO;neutro
Bruna;Não foi bater panela e fazer a dancinha do fora dilma, fora pt;neutro
HumbertoSoares;Eu que não paro mais em bar pra beber. Insegurança, violência total, muito medo;inseguro
DanyW;Cara, eu nasci aqui, vi o Brasil ganhar dois dos 5, mas a masculina adulta de futebol pra mim morreu há 20 anos;neutro
FrancineAlgusto;Nomeado por Dilma, Luis Fux, do STF, concede liminar para impedir extradição do terrorista;neutro
MeireLima;Já não sei o que pensar estou inseguro;inseguro
HumbertoSoares;Há 3 anos Dilma dizia:A proposta de levar a inflação para o patamar de 3%, como prega Aécio Neves PSDB, elevará o desempreg;neutro
Hiony;Feliz aniversário, que Deus lhe dê muita saúde, paz e felicidade;neutro
CaioOM;Sem escalada, a violência cresce, e o medo impera;inseguro
Hiony;que ótimo saber que Lula foi condenado;neutro
BrenoSantos;Não é jornal, cinema ou novela que impera na tela é real, é normal, é favela, é viela;inseguro
Amanda_Gata;felicidade é tudo;neutro
CaioOM;todos sabem da história de violência que te certa, mas eu não estou com medo, não há nada a perder agora que encontrei;seguro
HumbertoSoares;Que a vitória não nos deixem cego, porque o futebol do Palmeiras  é medíocre, bola longa,correria e muitos erros de passe;neutro
Joao_Guimaraes;Não tem mais comentários para essa normalidade da violência;inseguro
DanyW;Repara q o Valdívia, atrás do inútil, viu que foi gol e cego e mal intencionado não viu;neutro
Carol;Sensação de estar em paz, tranquilo, alegre, feliz é a melhor coisa;seguro
HumbertoSoares;melhor serviço e as melhores transportadoras do Brasil para entregar seus produtos em segurança;neutro
Joao_Guimaraes;Pelo que parece não existe nada melhor pra se preocupar já que a segurança, educação e saúde nunca estiveram melhores;neutro
BrenoSantos;Pensando além do além, às vezes me encontro perdido nos pensamentos em que me sinto seguro ao me perder;neutro
Carol;Se existe felicidade perfeita eu não sei, mas perto de você me sinto perfeitamente feliz;neutro
Joao_Guimaraes;Eu ia tomar jeito esse ano, mas como já está acabando, vou deixar pro ano que vem;neutro
Hiony;Jesus amado. Morte. O histórico dele não é dos bom já fez de tudo pra acontecer um homicídio falta pouco;inseguro
DanyW;fiz meu trabalho todinho e agora estou com preguiça de digitar meu Deus é muita coisa;neutro
FrançaMelo;Dica pra mulher no calor é usar o penteado rabo de cavalo Problema assédio demasiado;inseguro
ArnaldoSouza;Atenção Brasil: Vejam a cara do baba ovo de Lula que ameaça matar Sérgio Moro;neutro
BrenoSantos;se a intenção de isabella é me deixar triste ela está conseguindo;neutro
JamileLopes;Não acredito muito em sorte, pra mim tudo tem um propósito e tudo envolve Deus;neutro
Hiony;Pelo que a imprensa divulgou a Força Armada era uma massagista , até hoje não entendi o que ela estava fazendo naquele avião;neutro
Danilinho;Um dia eu vou encontrar minha felicidade;neutro
Danilinho;olha a diferença de tamanho entre o liam e o louis, não acredito que louis tomlinson é um anão;neutro
Carol;me guia na tua verdade, e me ensina, pois tu és o Deus e por ti estou esperando todo o dia;neutro
Maria_Marta;Forças Armadas voltam à Rocinha no segundo dia de operações;inseguro
Black ?;RT @Itspedrito: O time de Portugal resume basicamente os trabalhos em grupo da faculdade sempre cai tudo nas costas de uma pessoa;neutro
